Competition,Game Number,Round,Division,Pay Class,Gender,Date,Time,Game Length,Venue,Court,Home Team,Home Club,Away Team,Away Club
U8 BOYS (S22-23),1,5,Division 3,Juniors,Mixed,05/11/2022,08:00:00,40,ORC,1,Maccabi Celtics,MACCABI,Solway Vipers,SOLWAYBB
U8 GIRLS (S22-23),2,5,Division 1,Juniors,Female,05/11/2022,08:00:00,40,ORC,2,Aintree Piranhas,CAULFIELD MALVERN,Scorpions Ferndale,GLEN IRIS DISTRICT
U8 GIRLS (S22-23),3,5,Division 2,Juniors,Female,05/11/2022,08:00:00,40,ORC,3,Ashy Gold,ASHBURTON,Korowa Grey ,KOROWA BASKETBALL
U8 BOYS (S22-23),4,5,Division 5,Juniors,Mixed,05/11/2022,08:00:00,40,ORC,4,Scorpions Nettleton,GLEN IRIS DISTRICT,Solway Doom,SOLWAYBB
U8 BOYS (S22-23),5,5,Division 6,Juniors,Mixed,05/11/2022,08:00:00,40,ORC,5,Solway Pythons,SOLWAYBB,Stonnington Piranhas,CAULFIELD MALVERN
U10 BOYS (S22-23),6,5,Division 7,Juniors,Mixed,05/11/2022,08:00:00,40,WAV,1,Scorpions Summerhill,GLEN IRIS DISTRICT,Solway Giants,SOLWAYBB
U8 BOYS (S22-23),7,5,Division 2,Juniors,Mixed,05/11/2022,08:00:00,40,WAV,2,Comets Lions,COMETS,Scorpions Gardiner,GLEN IRIS DISTRICT
U8 BOYS (S22-23),8,5,Division 4,Juniors,Mixed,05/11/2022,08:00:00,40,WAV,3,Ardrie Park Piranhas,CAULFIELD MALVERN,Heywood Park Piranhas,CAULFIELD MALVERN
U8 GIRLS (S22-23),9,5,Division 2,Juniors,Female,05/11/2022,08:00:00,40,WAV,4,Creswick Piranahs,CAULFIELD MALVERN,Timberwolves Diamonds,TIMBERWOLVES
U8 BOYS (S22-23),10,5,Division 4,Juniors,Mixed,05/11/2022,08:00:00,40,WAV,5,Kooyong Piranhas,CAULFIELD MALVERN,Maccabi Hawks,MALVERN TIGERS
U8 BOYS (S22-23),11,5,Division 1,Juniors,Mixed,05/11/2022,08:00:00,40,WAV,6,Ashy Gold,ASHBURTON,Tigers Red,MALVERN TIGERS
U8 BOYS (S22-23),12,5,Division 6,Juniors,Mixed,05/11/2022,08:45:00,40,ASB,1,Solway Thunder,SOLWAYBB,Tigers Purple,MALVERN TIGERS
U8 BOYS (S22-23),13,5,Division 3,Juniors,Mixed,05/11/2022,08:45:00,40,ORC,1,Maccabi Jaguars,MACCABI,Timberwolves Lightening,TIMBERWOLVES
U8 BOYS (S22-23),14,5,Division 2,Juniors,Mixed,05/11/2022,08:45:00,40,ORC,2,Scorpions Ferndale ,GLEN IRIS DISTRICT,Tigers Green,MALVERN TIGERS
U8 GIRLS (S22-23),15,5,Division 3,Juniors,Female,05/11/2022,08:45:00,40,ORC,3,Solway Rubies,SOLWAYBB,Tigers Green,MALVERN TIGERS
U8 GIRLS (S22-23),16,5,Division 3,Juniors,Female,05/11/2022,08:45:00,40,ORC,4,Solway Sapphires,SOLWAYBB,Tigers White,MALVERN TIGERS
U8 BOYS (S22-23),17,5,Division 5,Juniors,Mixed,05/11/2022,08:45:00,40,ORC,5,Comets Panthers,COMETS,Maccabi Eagles,MACCABI
U10 BOYS (S22-23),18,5,Division 6,Juniors,Mixed,05/11/2022,08:45:00,40,WAV,1,Ashy Yellow,ASHBURTON,Prahran Piranhas,CAULFIELD MALVERN
U8 GIRLS (S22-23),19,5,Division 1,Juniors,Female,05/11/2022,08:45:00,40,WAV,2,Solway Gems,SOLWAYBB,Tigers Yellow,MALVERN TIGERS
U8 BOYS (S22-23),20,5,Division 1,Juniors,Mixed,05/11/2022,08:45:00,40,WAV,3,Maccabi Warriors,MACCABI,Yarra Park Piranhas,CAULFIELD MALVERN
U8 BOYS (S22-23),21,5,Division 2,Juniors,Mixed,05/11/2022,08:45:00,40,WAV,4,Ashy Green,ASHBURTON,Maccabi Giants,MACCABI
U8 BOYS (S22-23),22,5,Division 4,Juniors,Mixed,05/11/2022,08:45:00,40,WAV,5,Tigers Blue,MALVERN TIGERS,Warrawee Piranhas,CAULFIELD MALVERN
U8 GIRLS (S22-23),23,5,Division 1,Juniors,Female,05/11/2022,08:45:00,40,WAV,6,Maccabi Warriors,MACCABI,Solway Emeralds,SOLWAYBB
U8 GIRLS (S22-23),24,5,Division 3,Juniors,Female,05/11/2022,09:30:00,40,ASB,1,Korowa Red,KOROWA BASKETBALL,Willow Piranhas,CAULFIELD MALVERN
U8 GIRLS (S22-23),25,5,Division 1,Juniors,Female,05/11/2022,09:30:00,40,ORC,1,Tigers Black,MALVERN TIGERS,Tigers Red,MALVERN TIGERS
U8 BOYS (S22-23),26,5,Division 3,Juniors,Mixed,05/11/2022,09:30:00,40,ORC,2,Balaclava Piranhas,CAULFIELD MALVERN,Tigers Orange,MALVERN TIGERS
U8 BOYS (S22-23),27,5,Division 6,Juniors,Mixed,05/11/2022,09:30:00,40,ORC,3,Ashy Yellow,ASHBURTON,Solway Cobras,SOLWAYBB
U8 BOYS (S22-23),28,5,Division 5,Juniors,Mixed,05/11/2022,09:30:00,40,ORC,4,Solway Dragons,SOLWAYBB,Timberwolves Pups,TIMBERWOLVES
U8 BOYS (S22-23),29,5,Division 5,Juniors,Mixed,05/11/2022,09:30:00,40,ORC,5,Maccabi Falcons,MACCABI,Tigers White,MALVERN TIGERS
U10 BOYS (S22-23),30,5,Division 7,Juniors,Mixed,05/11/2022,09:30:00,40,WAV,1,Tigers Maroon,MALVERN TIGERS,Tigers Lime,MALVERN TIGERS
U10 BOYS (S22-23),31,5,Division 6,Juniors,Mixed,05/11/2022,09:30:00,40,WAV,2,Solway Swish,SOLWAYBB,Timberwolves Cats,TIMBERWOLVES
U10 BOYS (S22-23),32,5,Division 8,Juniors,Mixed,05/11/2022,09:30:00,40,WAV,3,Timberwolves Bucks ,TIMBERWOLVES,Timberwolves Crusaders,TIMBERWOLVES
U8 BOYS (S22-23),33,5,Division 1,Juniors,Mixed,05/11/2022,09:30:00,40,WAV,4,Maccabi Bucks,MACCABI,Tigers Yellow,MALVERN TIGERS
U8 GIRLS (S22-23),34,5,Division 2,Juniors,Female,05/11/2022,09:30:00,40,WAV,5,Maccabi Dream ,MACCABI,Scorpions Gardiner,GLEN IRIS DISTRICT
U8 BOYS (S22-23),35,5,Division 1,Juniors,Mixed,05/11/2022,09:30:00,40,WAV,6,Tigers Black,MALVERN TIGERS,Toorak Tigersnakes,TOORAK
U8 BOYS (S22-23),36,5,Division 6,Juniors,Mixed,05/11/2022,10:15:00,40,ASB,1,Tigers Maroon,MALVERN TIGERS,Tigers Brown,MALVERN TIGERS
U10 BOYS (S22-23),37,5,Division 3,Juniors,Mixed,05/11/2022,10:15:00,40,ORC,1,Maccabi Celtics,MACCABI,Tigers White,MALVERN TIGERS
U10 GIRLS (S22-23),38,5,Division 2,Juniors,Female,05/11/2022,10:15:00,40,ORC,2,Solway Rebels,SOLWAYBB,Timberwolves Tornadoes,TIMBERWOLVES
U10 BOYS (S22-23),39,5,Division 4,Juniors,Mixed,05/11/2022,10:15:00,40,ORC,3,Maccabi Hawks,MACCABI,Toorak Trappers,TOORAK
U10 BOYS (S22-23),40,5,Division 5,Juniors,Mixed,05/11/2022,10:15:00,40,ORC,4,Solway Boomers,SOLWAYBB,Tigers Brown,MALVERN TIGERS
U10 GIRLS (S22-23),41,5,Division 5,Juniors,Female,05/11/2022,10:15:00,40,ORC,5,Maccabi Fever,MACCABI,Tigers Blue,MALVERN TIGERS
U10 GIRLS (S22-23),42,5,Division 1,Juniors,Female,05/11/2022,10:15:00,40,WAV,1,Ashy Gold,ASHBURTON,Tigers Black,MALVERN TIGERS
U10 BOYS (S22-23),43,5,Division 8,Juniors,Mixed,05/11/2022,10:15:00,40,WAV,2,Solway Spurs,SOLWAYBB,Tigers Tan,MALVERN TIGERS
U10 BOYS (S22-23),44,5,Division 6,Juniors,Mixed,05/11/2022,10:15:00,40,WAV,3,Maccabi Giants,MACCABI,Tigers Purple,MALVERN TIGERS
U10 BOYS (S22-23),45,5,Division 7,Juniors,Mixed,05/11/2022,10:15:00,40,WAV,4,Alma Park Piranhas,CAULFIELD MALVERN,Maccabi Jaguars,MACCABI
U10 BOYS (S22-23),46,5,Division 3,Juniors,Mixed,05/11/2022,10:15:00,40,WAV,5,Beckett Park Piranhas,CAULFIELD MALVERN,Timberwolves Cyclones,TIMBERWOLVES
U10 GIRLS (S22-23),47,5,Division 3,Juniors,Female,05/11/2022,10:15:00,40,WAV,6,Kerferd Piranhas,CAULFIELD MALVERN,Maccabi Warriors,MACCABI
U10 GIRLS (S22-23),48,5,Division 5,Juniors,Female,05/11/2022,11:00:00,40,ASB,1,Maccabi Liberty,MACCABI,Solway Divas,SOLWAYBB
U10 GIRLS (S22-23),49,5,Division 4,Juniors,Female,05/11/2022,11:00:00,40,ORC,1,Solway Dynamos,SOLWAYBB,Tigers Purple,MALVERN TIGERS
U10 BOYS (S22-23),50,5,Division 4,Juniors,Mixed,05/11/2022,11:00:00,40,ORC,2,Maccabi Ducks,MACCABI,Tigers Orange,MALVERN TIGERS
U10 GIRLS (S22-23),51,5,Division 4,Juniors,Female,05/11/2022,11:00:00,40,ORC,3,Maccabi Dream,MACCABI,Tigers Maroon,MALVERN TIGERS
U10 GIRLS (S22-23),52,5,Division 5,Juniors,Female,05/11/2022,11:00:00,40,ORC,4,Comets Pearls,COMETS,Solway Angels,SOLWAYBB
U10 BOYS (S22-23),53,5,Division 8,Juniors,Mixed,05/11/2022,11:00:00,40,ORC,5,Maccabi Lakers,MACCABI,Tigers Grey,MALVERN TIGERS
U10 BOYS (S22-23),54,5,Division 1,Juniors,Mixed,05/11/2022,11:00:00,40,WAV,1,Solway Nets,SOLWAYBB,Tigers Black,MALVERN TIGERS
U10 GIRLS (S22-23),55,5,Division 1,Juniors,Female,05/11/2022,11:00:00,40,WAV,2,Scorpions Ferndale,GLEN IRIS DISTRICT,Scorpions Gardiner,GLEN IRIS DISTRICT
U10 GIRLS (S22-23),56,5,Division 3,Juniors,Female,05/11/2022,11:00:00,40,WAV,3,Ashy Green,ASHBURTON,Solway Spirit,SOLWAYBB
U10 BOYS (S22-23),57,5,Division 6,Juniors,Mixed,05/11/2022,11:00:00,40,WAV,4,Comets Hurricanes,CAULFIELD MALVERN,Solway Lakers,SOLWAYBB
U10 BOYS (S22-23),58,5,Division 5,Juniors,Mixed,05/11/2022,11:00:00,40,WAV,5,Solway Pacers,SOLWAYBB,Wilson Piranhas,CAULFIELD MALVERN
U10 BOYS (S22-23),59,5,Division 2,Juniors,Mixed,05/11/2022,11:00:00,40,WAV,6,Heyington Piranhas,CAULFIELD MALVERN,Timberwolves Rocks ,TIMBERWOLVES
U10 BOYS (S22-23),60,5,Division 5,Juniors,Mixed,05/11/2022,11:45:00,40,ASB,1,Scorpions Nettleton,GLEN IRIS DISTRICT,Scorpions Raven,GLEN IRIS DISTRICT
U10 BOYS (S22-23),61,5,Division 2,Juniors,Mixed,05/11/2022,11:45:00,40,ORC,1,Maccabi Bucks,MACCABI,Solway Chargers,SOLWAYBB
U10 BOYS (S22-23),62,5,Division 3,Juniors,Mixed,05/11/2022,11:45:00,40,ORC,2,Comets Lightning,COMETS,Scorpions Gardiner,GLEN IRIS DISTRICT
U10 GIRLS (S22-23),63,5,Division 3,Juniors,Female,05/11/2022,11:45:00,40,ORC,3,McArthur Park Piranhas,CAULFIELD MALVERN,Scorpions Nettleton,GLEN IRIS DISTRICT
U10 BOYS (S22-23),64,5,Division 1,Juniors,Mixed,05/11/2022,11:45:00,40,ORC,4,Maccabi Warriors Blue,MACCABI,Timberwolves Stealers,TIMBERWOLVES
U10 GIRLS (S22-23),65,5,Division 1,Juniors,Female,05/11/2022,11:45:00,40,ORC,5,Solway Jazz,SOLWAYBB,Tigers Yellow,MALVERN TIGERS
U10 GIRLS (S22-23),66,5,Division 2,Juniors,Female,05/11/2022,11:45:00,40,WAV,1,Tigers White,MALVERN TIGERS,Tigers Green,MALVERN TIGERS
U10 BOYS (S22-23),67,5,Division 1,Juniors,Mixed,05/11/2022,11:45:00,40,WAV,2,Ashy Gold,ASHBURTON,Tigers Red,MALVERN TIGERS
U10 BOYS (S22-23),68,5,Division 2,Juniors,Mixed,05/11/2022,11:45:00,40,WAV,3,Fawkner Park Piranhas,CAULFIELD MALVERN,Solway Force,SOLWAYBB
U10 BOYS (S22-23),69,5,Division 4,Juniors,Mixed,05/11/2022,11:45:00,40,WAV,4,Tigers Blue,MALVERN TIGERS,Timberwolves Colts,TIMBERWOLVES
U10 BOYS (S22-23),70,5,Division 3,Juniors,Mixed,05/11/2022,11:45:00,40,WAV,5,Maccabi Eagles,MACCABI,Tigers Green,MALVERN TIGERS
U10 GIRLS (S22-23),71,5,Division 4,Juniors,Female,05/11/2022,11:45:00,40,WAV,6,Ashy Yellow,ASHBURTON,Timberwolves Sharks,TIMBERWOLVES
U12 BOYS (S22-23),72,5,Division 6,Juniors,Mixed,05/11/2022,12:30:00,40,ASB,1,Ormond Piranhas,CAULFIELD MALVERN,Tigers Lime,MALVERN TIGERS
U10 GIRLS (S22-23),73,5,Division 3,Juniors,Female,05/11/2022,12:30:00,40,ORC,1,Solway Magic,SOLWAYBB,Tigers Brown,MALVERN TIGERS
U10 BOYS (S22-23),74,5,Division 1,Juniors,Mixed,05/11/2022,12:30:00,40,ORC,2,Maccabi Warriors Gold,MACCABI,Toorak Taipans,TOORAK
U10 GIRLS (S22-23),75,5,Division 1,Juniors,Female,05/11/2022,12:30:00,40,ORC,3,Cato Park Piranhas,CAULFIELD MALVERN,Toorak Tigers,TOORAK
U12 BOYS (S22-23),76,5,Division 6,Juniors,Mixed,05/11/2022,12:30:00,40,ORC,4,Scorpions Gardiner,GLEN IRIS DISTRICT,Toorak Tomcats,TOORAK
U12 BOYS (S22-23),77,5,Division 7,Juniors,Mixed,05/11/2022,12:30:00,40,ORC,5,Hazelwood Park Piranhas,CAULFIELD MALVERN,Timberwolves Raptors,TIMBERWOLVES
U10 BOYS (S22-23),78,5,Division 1,Juniors,Mixed,05/11/2022,12:30:00,40,WAV,1,Glen Iris Piranhas,CAULFIELD MALVERN,Tigers Yellow,MALVERN TIGERS
U10 GIRLS (S22-23),79,5,Division 2,Juniors,Female,05/11/2022,12:30:00,40,WAV,2,Solway Fever,SOLWAYBB,Tigers Orange,MALVERN TIGERS
U12 BOYS (S22-23),80,5,Division 5,Juniors,Mixed,05/11/2022,12:30:00,40,WAV,3,Ripponlea Piranhas,CAULFIELD MALVERN,Tigers Maroon,MALVERN TIGERS
U12 BOYS (S22-23),81,5,Division 6,Juniors,Mixed,05/11/2022,12:30:00,40,WAV,4,Tigers Grey,MALVERN TIGERS,Timberwolves Ramblers,TIMBERWOLVES
U12 BOYS (S22-23),82,5,Division 5,Juniors,Mixed,05/11/2022,12:30:00,40,WAV,5,Koornang Piranhas,CAULFIELD MALVERN,Timberwolves Magnum,TIMBERWOLVES
U12 GIRLS (S22-23),83,5,Division 4,Juniors,Female,05/11/2022,12:30:00,40,WAV,6,Comets Jades,COMETS,Maccabi Fever,MACCABI
U12 BOYS (S22-23),84,5,Division 7,Juniors,Mixed,05/11/2022,13:15:00,40,ASB,1,Comets Thunder,COMETS,Timberwolves Blaze,TIMBERWOLVES
U14 BOYS (S22-23),85,5,Division 7,Juniors,Mixed,05/11/2022,13:15:00,40,ORC,1,Arax,HOMENETMEN,Comets Cobras,COMETS
U12 BOYS (S22-23),86,5,Division 5,Juniors,Mixed,05/11/2022,13:15:00,40,ORC,2,Solway Bobcats,SOLWAYBB,Timberwolves Stones,TIMBERWOLVES
U12 GIRLS (S22-23),87,5,Division 5,Juniors,Female,05/11/2022,13:15:00,40,ORC,3,Harold Pirnahas,CAULFIELD MALVERN,Korowa Red,KOROWA BASKETBALL
U12 BOYS (S22-23),88,5,Division 7,Juniors,Mixed,05/11/2022,13:15:00,40,ORC,4,Solway Panthers,SOLWAYBB,Solway Tigers,SOLWAYBB
U12 BOYS (S22-23),89,5,Division 6,Juniors,Mixed,05/11/2022,13:15:00,40,ORC,5,Breakers Bandits,CENTRAL CITY BREAKERS,Comets Cyclones,COMETS
U12 GIRLS (S22-23),90,5,Division 3,Juniors,Female,05/11/2022,13:15:00,40,WAV,1,Ashy Green,ASHBURTON,Korowa Grey,KOROWA BASKETBALL
U10 BOYS (S22-23),91,5,Division 8,Juniors,Mixed,05/11/2022,13:15:00,40,WAV,2,Arax,HOMENETMEN,Maccabi Kings ,MACCABI
U12 BOYS (S22-23),92,5,Division 7,Juniors,Mixed,05/11/2022,13:15:00,40,WAV,3,Tigers Aqua,MALVERN TIGERS,Tigers Tan,MALVERN TIGERS
U12 GIRLS (S22-23),93,5,Division 5,Juniors,Female,05/11/2022,13:15:00,40,WAV,4,Arax,HOMENETMEN,Timberwolves Hurricanes,TIMBERWOLVES
U14 GIRLS (S22-23),94,5,Division 4,Juniors,Female,05/11/2022,13:15:00,40,WAV,5,Arax,HOMENETMEN,Ashy Green,ASHBURTON
U12 BOYS (S22-23),95,5,Division 5,Juniors,Mixed,05/11/2022,13:15:00,40,WAV,6,Inkerman Piranhas,CAULFIELD MALVERN,Scorpions Nettleton,GLEN IRIS DISTRICT
U12 GIRLS (S22-23),96,5,Division 5,Juniors,Female,05/11/2022,14:00:00,40,ASB,1,Maccabi Mercury,MACCABI,Ranfurlie Piranhas,CAULFIELD MALVERN
U12 BOYS (S22-23),97,5,Division 5,Juniors,Mixed,05/11/2022,14:00:00,40,ORC,1,Maccabi Giants,MACCABI,Toorak Trackers,TOORAK
U12 GIRLS (S22-23),98,5,Division 4,Juniors,Female,05/11/2022,14:00:00,40,ORC,2,Ashy Yellow,ASHBURTON,Scorpions Gardiner,GLEN IRIS DISTRICT
U12 BOYS (S22-23),99,5,Division 4,Juniors,Mixed,05/11/2022,14:00:00,40,ORC,3,Bailey Reserve Piranhas,CAULFIELD MALVERN,Tigers Orange,MALVERN TIGERS
U12 BOYS (S22-23),100,5,Division 3,Juniors,Mixed,05/11/2022,14:00:00,40,ORC,4,Maccabi Celtics,MACCABI,Maccabi Ducks,MACCABI
U12 GIRLS (S22-23),101,5,Division 2,Juniors,Female,05/11/2022,14:00:00,40,ORC,5,Solway Falcons ,SOLWAYBB,Toorak Tigersharks,TOORAK
U12 BOYS (S22-23),102,5,Division 3,Juniors,Mixed,05/11/2022,14:00:00,40,WAV,1,Solway Wolves,SOLWAYBB,Tigers Green,MALVERN TIGERS
U12 GIRLS (S22-23),103,5,Division 2,Juniors,Female,05/11/2022,14:00:00,40,WAV,2,Finch Piranhas,CAULFIELD MALVERN,Tigers Green ,MALVERN TIGERS
U12 BOYS (S22-23),104,5,Division 4,Juniors,Mixed,05/11/2022,14:00:00,40,WAV,3,Solway Hyenas,SOLWAYBB,Tigers Purple,MALVERN TIGERS
U12 BOYS (S22-23),105,5,Division 4,Juniors,Mixed,05/11/2022,14:00:00,40,WAV,4,Ashy Green,ASHBURTON,Tigers Blue ,MALVERN TIGERS
U12 GIRLS (S22-23),106,5,Division 3,Juniors,Female,05/11/2022,14:00:00,40,WAV,5,Gardenvale Piranhas,CAULFIELD MALVERN,Timberwolves Strikers,TIMBERWOLVES
U12 GIRLS (S22-23),107,5,Division 4,Juniors,Female,05/11/2022,14:00:00,40,WAV,6,Comets Emeralds,COMETS,Tigers Brown,MALVERN TIGERS
U12 BOYS (S22-23),108,5,Division 5,Juniors,Mixed,05/11/2022,14:45:00,40,ASB,1,Ashy Yellow,ASHBURTON,Comets Stars,COMETS
U12 GIRLS (S22-23),109,5,Division 4,Juniors,Female,05/11/2022,14:45:00,40,ORC,1,Maccabi Liberty,MACCABI,Tigers Orange,MALVERN TIGERS
U12 BOYS (S22-23),110,5,Division 4,Juniors,Mixed,05/11/2022,14:45:00,40,ORC,2,Maccabi Eagles,MACCABI,Toorak Toros,TOORAK
U12 GIRLS (S22-23),111,5,Division 2,Juniors,Female,05/11/2022,14:45:00,40,ORC,3,Boyd Park Piranhas,CAULFIELD MALVERN,Hedgeley Dene Piranhas,CAULFIELD MALVERN
U12 BOYS (S22-23),112,5,Division 2,Juniors,Mixed,05/11/2022,14:45:00,40,ORC,4,Ferncroft Piranhas,CAULFIELD MALVERN,Maccabi Warriors Gold,MACCABI
U12 BOYS (S22-23),113,5,Division 3,Juniors,Mixed,05/11/2022,14:45:00,40,ORC,5,Scorpions Ferndale,GLEN IRIS DISTRICT,Timberwolves Terriers,TIMBERWOLVES
U12 GIRLS (S22-23),114,5,Division 1,Juniors,Female,05/11/2022,14:45:00,40,WAV,1,Tigers Black,MALVERN TIGERS,Tigers Red,MALVERN TIGERS
U12 BOYS (S22-23),115,5,Division 3,Juniors,Mixed,05/11/2022,14:45:00,40,WAV,2,Tigers White,MALVERN TIGERS,Wattlegrove Piranhas,CAULFIELD MALVERN
U12 BOYS (S22-23),116,5,Division 7,Juniors,Mixed,05/11/2022,14:45:00,40,WAV,3,Ashy White,ASHBURTON,Scorpions Raven,GLEN IRIS DISTRICT
U12 GIRLS (S22-23),117,5,Division 3,Juniors,Female,05/11/2022,14:45:00,40,WAV,4,Bayside Warriors,BAYSIDE WARRIORS,Solway Hawks,SOLWAYBB
U12 BOYS (S22-23),118,5,Division 2,Juniors,Mixed,05/11/2022,14:45:00,40,WAV,5,Caulfield Park Piranhas,CAULFIELD MALVERN,Timberwolves Bullets,TIMBERWOLVES
U12 GIRLS (S22-23),119,5,Division 2,Juniors,Female,05/11/2022,14:45:00,40,WAV,6,Tigers White,MALVERN TIGERS,Toorak Titanium,TOORAK
U12 BOYS (S22-23),120,5,Division 3,Juniors,Mixed,05/11/2022,15:30:00,40,ASB,1,Maccabi Bucks,MACCABI,Tigers Brown,MALVERN TIGERS
U14 BOYS (S22-23),121,5,Division 5,Juniors,Mixed,05/11/2022,15:30:00,40,ORC,1,Maccabi Giants,MACCABI,Spring Park Piranhas,CAULFIELD MALVERN
U14 BOYS (S22-23),122,5,Division 7,Juniors,Mixed,05/11/2022,15:30:00,40,ORC,2,Maccabi Hawks,MACCABI,Maccabi Kings,MACCABI
U14 BOYS (S22-23),123,5,Division 6,Juniors,Mixed,05/11/2022,15:30:00,40,ORC,3,Ashy Yellow,ASHBURTON,Maccabi Falcons,MACCABI
U14 BOYS (S22-23),124,5,Division 5,Juniors,Mixed,05/11/2022,15:30:00,40,ORC,4,Breakers Celtics,CENTRAL CITY BREAKERS,Watson Park Piranhas,CAULFIELD MALVERN
U14 BOYS (S22-23),125,5,Division 4,Juniors,Mixed,05/11/2022,15:30:00,40,ORC,5,Scorpions Gardiner,GLEN IRIS DISTRICT,Toorak Terminators,TOORAK
U12 BOYS (S22-23),126,5,Division 1,Juniors,Mixed,05/11/2022,15:30:00,40,WAV,1,Ashy Gold,ASHBURTON,Tigers Red,MALVERN TIGERS
U12 BOYS (S22-23),127,5,Division 2,Juniors,Mixed,05/11/2022,15:30:00,40,WAV,2,Solway Cubs,SOLWAYBB,Willowby Piranhas,CAULFIELD MALVERN
U12 GIRLS (S22-23),128,5,Division 2,Juniors,Female,05/11/2022,15:30:00,40,WAV,3,Maccabi Dream,MACCABI,Solway Ravens,SOLWAYBB
U12 BOYS (S22-23),129,5,Division 2,Juniors,Mixed,05/11/2022,15:30:00,40,WAV,4,Solway Colts,SOLWAYBB,Tigers Yellow,MALVERN TIGERS
U12 GIRLS (S22-23),130,5,Division 1,Juniors,Female,05/11/2022,15:30:00,40,WAV,5,Maccabi Warriors,MACCABI,Solway Eagles,SOLWAYBB
U12 BOYS (S22-23),131,5,Division 1,Juniors,Mixed,05/11/2022,15:30:00,40,WAV,6,Solway Bulls,SOLWAYBB,Timberwolves Cubs,TIMBERWOLVES
U14 BOYS (S22-23),132,5,Division 5,Juniors,Mixed,05/11/2022,16:15:00,40,ORC,1,Dorrington Park Piranhas,CAULFIELD MALVERN,Maccabi Ducks,MACCABI
U14 BOYS (S22-23),133,5,Division 6,Juniors,Mixed,05/11/2022,16:15:00,40,ORC,2,Tigers Orange,MALVERN TIGERS,Timberwolves Boulders,TIMBERWOLVES
U14 BOYS (S22-23),134,5,Division 5,Juniors,Mixed,05/11/2022,16:15:00,40,ORC,3,Tigers Green,MALVERN TIGERS,Timberwolves Raiders,TIMBERWOLVES
U14 BOYS (S22-23),135,5,Division 4,Juniors,Mixed,05/11/2022,16:15:00,40,ORC,4,Maccabi Eagles,MACCABI,Solway Warriors,SOLWAYBB
U14 GIRLS (S22-23),136,5,Division 3,Juniors,Female,05/11/2022,16:15:00,40,ORC,5,Maccabi Dream,MACCABI,Mandeville Piranhas,CAULFIELD MALVERN
U14 GIRLS (S22-23),137,5,Division 1,Juniors,Female,05/11/2022,16:15:00,40,WAV,1,Scorpions Ferndale,GLEN IRIS DISTRICT,Solway Suns,SOLWAYBB
U14 GIRLS (S22-23),138,5,Division 2,Juniors,Female,05/11/2022,16:15:00,40,WAV,2,Ashy Gold,ASHBURTON,Solway Flames ,SOLWAYBB
U14 BOYS (S22-23),139,5,Division 6,Juniors,Mixed,05/11/2022,16:15:00,40,WAV,3,Serrell Park Piranhas,CAULFIELD MALVERN,Tigers Blue,MALVERN TIGERS
U14 BOYS (S22-23),140,5,Division 7,Juniors,Mixed,05/11/2022,16:15:00,40,WAV,4,Timberwolves Grizzlies,TIMBERWOLVES,Toorak Tornadoes,TOORAK
U12 BOYS (S22-23),141,5,Division 1,Juniors,Mixed,05/11/2022,16:15:00,40,WAV,5,Tigers Black ,MALVERN TIGERS,Timberwolves Heat,TIMBERWOLVES
U12 GIRLS (S22-23),142,5,Division 1,Juniors,Female,05/11/2022,16:15:00,40,WAV,6,Tigers Yellow,MALVERN TIGERS,Toorak Trailblazers,TOORAK
U14 BOYS (S22-23),143,5,Division 6,Juniors,Mixed,05/11/2022,17:00:00,40,ORC,1,Comets Taipans,COMETS,Solway Vikings,SOLWAYBB
U14 BOYS (S22-23),144,5,Division 3,Juniors,Mixed,05/11/2022,17:00:00,40,ORC,2,Ashy Green,ASHBURTON,Maccabi Celtics,MACCABI
U14 BOYS (S22-23),145,5,Division 4,Juniors,Mixed,05/11/2022,17:00:00,40,ORC,3,Solway Ninjas,SOLWAYBB,Tooronga Piranhas,CAULFIELD MALVERN
U14 GIRLS (S22-23),146,5,Division 4,Juniors,Female,05/11/2022,17:00:00,40,ORC,4,Solway Fire ,SOLWAYBB,Tigers Brown,MALVERN TIGERS
U14 GIRLS (S22-23),147,5,Division 2,Juniors,Female,05/11/2022,17:00:00,40,ORC,5,Solway Sparx,SOLWAYBB,Tigers Yellow,MALVERN TIGERS
U14 BOYS (S22-23),148,5,Division 2,Juniors,Mixed,05/11/2022,17:00:00,40,WAV,1,Maccabi Bucks,MACCABI,Solway Mavericks,SOLWAYBB
U14 GIRLS (S22-23),149,5,Division 4,Juniors,Female,05/11/2022,17:00:00,40,WAV,2,Solway Lightning,SOLWAYBB,Timberwolves Blades,TIMBERWOLVES
U14 BOYS (S22-23),150,5,Division 7,Juniors,Mixed,05/11/2022,17:00:00,40,WAV,3,Scorpions Nettleton,GLEN IRIS DISTRICT,Tigers Brown,MALVERN TIGERS
U14 BOYS (S22-23),151,5,Division 6,Juniors,Mixed,05/11/2022,17:00:00,40,WAV,4,Phoenix Park Piranhas,CAULFIELD MALVERN,Solway Trojans,SOLWAYBB
U14 GIRLS (S22-23),152,5,Division 3,Juniors,Female,05/11/2022,17:00:00,40,WAV,5,Grace Park Piranhas,CAULFIELD MALVERN,Solway Stars,SOLWAYBB
U14 BOYS (S22-23),153,5,Division 3,Juniors,Mixed,05/11/2022,17:00:00,40,WAV,6,Ashy Gold,ASHBURTON,Toorak Tropics,TOORAK
U14 BOYS (S22-23),154,5,Division 2,Juniors,Mixed,05/11/2022,17:45:00,40,ORC,1,Solway Spartans,SOLWAYBB,Tigers Yellow,MALVERN TIGERS
U14 GIRLS (S22-23),155,5,Division 4,Juniors,Female,05/11/2022,17:45:00,40,ORC,2,Maccabi Fever,MACCABI,Tigers Blue,MALVERN TIGERS
U14 GIRLS (S22-23),156,5,Division 3,Juniors,Female,05/11/2022,17:45:00,40,ORC,3,Scorpions Gardiner,GLEN IRIS DISTRICT,Solway Comets,SOLWAYBB
U14 GIRLS (S22-23),157,5,Division 2,Juniors,Female,05/11/2022,17:45:00,40,ORC,4,Tigers Green,MALVERN TIGERS,Tigers White,MALVERN TIGERS
U14 BOYS (S22-23),158,5,Division 2,Juniors,Mixed,05/11/2022,17:45:00,40,ORC,5,Harleston Park Piranhas,CAULFIELD MALVERN,Tigers White,MALVERN TIGERS
U14 BOYS (S22-23),159,5,Division 1,Juniors,Mixed,05/11/2022,17:45:00,40,WAV,1,Maccabi Warriors Blue,MACCABI,Maccabi Warriors Gold,MACCABI
U14 BOYS (S22-23),160,5,Division 2,Juniors,Mixed,05/11/2022,17:45:00,40,WAV,2,Solway Raiders,SOLWAYBB,Tigers Red,MALVERN TIGERS
U14 GIRLS (S22-23),161,5,Division 2,Juniors,Female,05/11/2022,17:45:00,40,WAV,3,Bayside Warriors,BAYSIDE WARRIORS,Maccabi Warriors,MACCABI
U14 GIRLS (S22-23),162,5,Division 1,Juniors,Female,05/11/2022,17:45:00,40,WAV,4,Tigers Black,MALVERN TIGERS,Tigers Red,MALVERN TIGERS
U14 BOYS (S22-23),163,5,Division 3,Juniors,Mixed,05/11/2022,17:45:00,40,WAV,5,Scorpions Ferndale,GLEN IRIS DISTRICT,Timberwolves Celtics,TIMBERWOLVES
U14 BOYS (S22-23),164,5,Division 1,Juniors,Mixed,05/11/2022,17:45:00,40,WAV,6,Solway Titans,SOLWAYBB,Tigers Black,MALVERN TIGERS
U16 BOYS (S22-23),165,5,Division 3,Juniors,Mixed,05/11/2022,18:30:00,40,ORC,1,Ashy Green,ASHBURTON,Ferndale Park Piranhas,CAULFIELD MALVERN
U16 BOYS (S22-23),166,5,Division 4,Juniors,Mixed,05/11/2022,18:30:00,40,ORC,2,Maccabi Giants,MACCABI,Toorak Turbos,TOORAK
U16 BOYS (S22-23),167,5,Division 5,Juniors,Mixed,05/11/2022,18:30:00,40,ORC,3,Maccabi Falcons,MACCABI,Scorpions Stars,GLEN IRIS DISTRICT
U16 BOYS (S22-23),168,5,Division 4,Juniors,Mixed,05/11/2022,18:30:00,40,ORC,4,Comets Pythons,COMETS,East Malvern Piranhas,CAULFIELD MALVERN
U16 BOYS (S22-23),169,5,Division 5,Juniors,Mixed,05/11/2022,18:30:00,40,ORC,5,Comets Vipers,COMETS,Maccabi Ducks,MACCABI
U16 BOYS (S22-23),170,5,Division 1,Juniors,Mixed,05/11/2022,18:30:00,40,WAV,1,Ashy Gold,ASHBURTON,Tigers Red,MALVERN TIGERS
U14 GIRLS (S22-23),171,5,Division 1,Juniors,Female,05/11/2022,18:30:00,40,WAV,2,Timberwolves Comets,TIMBERWOLVES,Toorak Tigerlillies,TOORAK
U14 BOYS (S22-23),172,5,Division 1,Juniors,Mixed,05/11/2022,18:30:00,40,WAV,3,Nettleton Park Piranhas,CAULFIELD MALVERN,Timberwolves Giants,TIMBERWOLVES
U16 BOYS (S22-23),173,5,Division 3,Juniors,Mixed,05/11/2022,18:30:00,40,WAV,4,Timberwolves Nuggets,TIMBERWOLVES,Tollington Piranhas,CAULFIELD MALVERN
U16 BOYS (S22-23),174,5,Division 3,Juniors,Mixed,05/11/2022,18:30:00,40,WAV,5,Tigers Yellow,MALVERN TIGERS,Wattletree Piranhas,CAULFIELD MALVERN
U16 BOYS (S22-23),175,5,Division 2,Juniors,Mixed,05/11/2022,18:30:00,40,WAV,6,Breakers Enforcers,CENTRAL CITY BREAKERS,Scorpions Saints,GLEN IRIS DISTRICT
U16 BOYS (S22-23),176,5,Division 4,Juniors,Mixed,05/11/2022,19:15:00,40,ORC,1,Burnley Park Piranhas,CAULFIELD MALVERN,Solway Rockets,SOLWAYBB
U16 BOYS (S22-23),177,5,Division 4,Juniors,Mixed,05/11/2022,19:15:00,40,ORC,2,Comets Storm,COMETS,Maccabi Eagles,MACCABI
U16 BOYS (S22-23),178,5,Division 5,Juniors,Mixed,05/11/2022,19:15:00,40,ORC,3,Maccabi Hawks,MACCABI,Tigers White,MALVERN TIGERS
U16 BOYS (S22-23),179,5,Division 4,Juniors,Mixed,05/11/2022,19:15:00,40,ORC,4,Solway Pistons,SOLWAYBB,Timberwolves Magic,TIMBERWOLVES
U16 BOYS (S22-23),180,5,Division 2,Juniors,Mixed,05/11/2022,19:15:00,40,WAV,1,Hawksburn Piranhas,CAULFIELD MALVERN,Solway Jets,SOLWAYBB
U16 BOYS (S22-23),181,5,Division 2,Juniors,Mixed,05/11/2022,19:15:00,40,WAV,2,Maccabi Celtics,MACCABI,Solway Bullets,SOLWAYBB
U16 BOYS (S22-23),182,5,Division 3,Juniors,Mixed,05/11/2022,19:15:00,40,WAV,3,Orrong Park Piranhas,CAULFIELD MALVERN,Solway Cannons,SOLWAYBB
U16 BOYS (S22-23),183,5,Division 3,Juniors,Mixed,05/11/2022,19:15:00,40,WAV,4,Gardiner Piranhas,CAULFIELD MALVERN,Scorpions Sixers,GLEN IRIS DISTRICT
U16 BOYS (S22-23),184,5,Division 1,Juniors,Mixed,05/11/2022,19:15:00,40,WAV,5,Maccabi Warriors,MACCABI,Timberwolves Hawks,TIMBERWOLVES
U16 BOYS (S22-23),185,5,Division 1,Juniors,Mixed,05/11/2022,19:15:00,40,WAV,6,Tigers Black,MALVERN TIGERS,Timberwolves Hustlers,TIMBERWOLVES
U18 BOYS (S22_23),186,5,Section 01,Juniors,Male,06/11/2022,18:00:00,40,WAV,1,Maccabi Bucks,MACCABI,Scorpions Pandas,GLEN IRIS DISTRICT
U18 BOYS (S22_23),187,5,Section 02,Juniors,Male,06/11/2022,18:00:00,40,WAV,2,Findon Piranhas,CAULFIELD MALVERN,Scorpions Saints,GLEN IRIS DISTRICT
U18 BOYS (S22_23),188,5,Section 03,Juniors,Male,06/11/2022,18:00:00,40,WAV,3,Solway Raptors,SOLWAYBB,Solway Spinners,SOLWAYBB
U18 BOYS (S22_23),189,5,Section 03,Juniors,Male,06/11/2022,18:00:00,40,WAV,4,Solway Heat,SOLWAYBB,Timberwolves Lions,TIMBERWOLVES
U18 BOYS (S22_23),190,5,Section 02,Juniors,Male,06/11/2022,18:00:00,40,WAV,5,Centenary Park Piranhas,CAULFIELD MALVERN,Solway Sharks,SOLWAYBB
U18 BOYS (S22_23),191,5,Section 01,Juniors,Male,06/11/2022,18:00:00,40,WAV,6,Maccabi Warriors,MACCABI,Timberwolves Chiefs,TIMBERWOLVES
U18 BOYS (S22_23),192,5,Section 01,Juniors,Male,06/11/2022,18:45:00,40,WAV,1,Solway Blazers,SOLWAYBB,Solway Rangers,SOLWAYBB
U18 BOYS (S22_23),193,5,Section 02,Juniors,Male,06/11/2022,18:45:00,40,WAV,2,Tigers Black,MALVERN TIGERS,Timberwolves Gladiators,TIMBERWOLVES
U18 BOYS (S22_23),194,5,Section 03,Juniors,Male,06/11/2022,18:45:00,40,WAV,3,Maccabi Ducks,MACCABI,Riversdale Piranhas,CAULFIELD MALVERN
U18 BOYS (S22_23),195,5,Section 03,Juniors,Male,06/11/2022,18:45:00,40,WAV,4,Maccabi Celtics,MACCABI,Malvern Piranhas,CAULFIELD MALVERN
U18 BOYS (S22_23),196,5,Section 03,Juniors,Male,06/11/2022,18:45:00,40,WAV,5,Ashy Gold,ASHBURTON,Breakers Pythons,CENTRAL CITY BREAKERS
U18 BOYS (S22_23),197,5,Section 02,Juniors,Male,06/11/2022,18:45:00,40,WAV,6,Arax,HOMENETMEN,Central Park Piranhas,CAULFIELD MALVERN
SUNDAY MIXED,198,20,Section 01,Seniors,Mixed,06/11/2022,19:30:00,40,WAV,1,SOLWAY STINGRAYS,N/A,WERNER'S ANGELS,N/A
SUNDAY MIXED,199,20,Section 02 / 03,Seniors,Mixed,06/11/2022,19:30:00,40,WAV,2,BASKET CASES,N/A,DANK SLAM,N/A
SUNDAY U/23,200,20,Section 02,Seniors,Male,06/11/2022,19:30:00,40,WAV,3,TIMBERWOLVES FLOORBOARDS,TIMBERWOLVES,TIMBERWOLVES KINGS,TIMBERWOLVES
SUNDAY MIXED,201,20,Section 02 / 03,Seniors,Mixed,06/11/2022,19:30:00,40,WAV,5,ASHY WILDCATS,ASHBURTON,ASHY 2.0,N/A
SUNDAY MIXED,202,20,Section 01,Seniors,Mixed,06/11/2022,19:30:00,40,WAV,6,SHAZAM,N/A,SOLWAY CHEDS,N/A
SUNDAY U/23,203,20,Section 02,Seniors,Male,06/11/2022,20:15:00,40,WAV,1,GATO'S,N/A,SOLWAY BRICK LAYERS,SOLWAYBB
SUNDAY U/23,204,20,Section 01,Seniors,Male,06/11/2022,20:15:00,40,WAV,2,SHORT KINGS,N/A,SOLWAY TITANS,SOLWAYBB
SUNDAY MIXED,205,20,Section 02 / 03,Seniors,Mixed,06/11/2022,20:15:00,40,WAV,3,DOOGIE HOWSER M.D. ,N/A,PALS,N/A
SUNDAY MIXED,206,20,Section 02 / 03,Seniors,Mixed,06/11/2022,20:15:00,40,WAV,5,808S AND FASTBREAKS,N/A,PINK PANTHERS,N/A
SUNDAY MIXED,207,20,Section 01,Seniors,Mixed,06/11/2022,20:15:00,40,WAV,6,ASHY DYNAMOS,ASHBURTON,TIMBERWOLVES KATZ,N/A
SUNDAY U/23,208,20,Section 01,Seniors,Male,06/11/2022,21:00:00,40,WAV,1,ANABOLIC TZATAIKI 23S,N/A,TOORAK TROUBLE-,TOORAK
SUNDAY U/23,209,20,Section 02,Seniors,Male,06/11/2022,21:00:00,40,WAV,2,DEVILS,N/A,MALVERN TIGERS SUMATRANS,MALVERN TIGERS
SUNDAY U/23,210,20,Section 02,Seniors,Male,06/11/2022,21:00:00,40,WAV,3,SOLWAY SWISH,N/A,WEATHER BOYS,N/A
SUNDAY MIXED,211,20,Section 02 / 03,Seniors,Mixed,06/11/2022,21:00:00,40,WAV,5,A.O.S.,N/A,STRIPES,N/A
SUNDAY MIXED,212,20,Section 01,Seniors,Mixed,06/11/2022,21:00:00,40,WAV,6,NUGGZ,N/A,REBELS,N/A
MONDAY MEN,213,20,Section 01,Seniors,Male,07/11/2022,18:30:00,40,WAV,1,A-TEAM,N/A,ASHY HUSKIES,ASHBURTON
MONDAY MEN,214,20,Section 03,Seniors,Male,07/11/2022,18:30:00,40,WAV,2,BALLAS,N/A,SOLWAY SLAMMERS,SOLWAYBB
MONDAY MEN,215,21,Section 04,Seniors,Male,07/11/2022,18:30:00,40,WAV,3,CBAA,N/A,T'EM UP,N/A
MONDAY MEN,216,20,Section 05,Seniors,Male,07/11/2022,18:30:00,40,WAV,4,KARDASHIAN KURSE,N/A,KELLY'S VOLLEYBALL TEAM,N/A
MONDAY MEN,217,20,Section 08,Seniors,Male,07/11/2022,18:30:00,40,WAV,5,LEBRONZO LAKERS,N/A,ZOOPER DOOPERS B,N/A
MONDAY MEN,218,20,Section 06,Seniors,Male,07/11/2022,18:30:00,40,WAV,6,MCKINNON LAKERS,N/A,SKOC YELLOW,SKOC
MONDAY MEN,219,20,Section 02,Seniors,Male,07/11/2022,18:45:00,40,ORC,1,COMBAT WOMBATS,N/A,MUNCHY PIRANHAS,N/A
MONDAY MEN,220,20,Section 10,Seniors,Male,07/11/2022,18:45:00,40,ORC,2,AMATEUR HOUR,N/A,SALAMANDERS,N/A
MONDAY MEN,221,20,Section 02,Seniors,Male,07/11/2022,19:15:00,40,WAV,1,SKOC BLUE,SKOC,SKOC SAINTS,SKOC
MONDAY MEN,222,21,Section 04,Seniors,Male,07/11/2022,19:15:00,40,WAV,2,ALPHA FROGS,N/A,MIAMI VICE,N/A
MONDAY MEN,223,20,Section 05,Seniors,Male,07/11/2022,19:15:00,40,WAV,3,RIM RATS,N/A,SLEEPING GIANTS,N/A
MONDAY MEN,224,20,Section 10,Seniors,Male,07/11/2022,19:15:00,40,WAV,4,BEMES,N/A,HOLEX,N/A
MONDAY MEN,225,20,Section 09,Seniors,Male,07/11/2022,19:15:00,40,WAV,5,COOKS N BAKERS,N/A,DUKE'S DOMINATORS,N/A
MONDAY MEN,226,20,Section 07,Seniors,Male,07/11/2022,19:15:00,40,WAV,6,GALACTIC BURRITOS,N/A,SAUCE GODS,N/A
MONDAY MEN,227,20,Section 03,Seniors,Male,07/11/2022,19:30:00,40,ORC,1,BLOUSES,N/A,STAR PLATINUM,N/A
MONDAY MEN,228,20,Section 08,Seniors,Male,07/11/2022,19:30:00,40,ORC,2,CULTURE,N/A,SAN ANTONIO SPUDS,N/A
MONDAY MEN,229,20,Section 01,Seniors,Male,07/11/2022,20:00:00,40,WAV,1,MAMBA,N/A,SKOC RED,SKOC
MONDAY MEN,230,20,Section 05,Seniors,Male,07/11/2022,20:00:00,40,WAV,2,MALVERN TIGERS SIBERIANS,MALVERN TIGERS,SKOC WHITE,SKOC
MONDAY MEN,231,20,Section 09,Seniors,Male,07/11/2022,20:00:00,40,WAV,3,JUST PLAY BATS,JUSTPLAY,MONDAY'S EXPERTS,N/A
MONDAY MEN,232,20,Section 08,Seniors,Male,07/11/2022,20:00:00,40,WAV,4,COSBY SWEATERS,N/A,OVERBUILT NERDS ,N/A
MONDAY MEN,233,20,Section 07,Seniors,Male,07/11/2022,20:00:00,40,WAV,5,SHAFT,N/A,VEGETABLEGUM,N/A
MONDAY MEN,234,20,Section 03,Seniors,Male,07/11/2022,20:00:00,40,WAV,6,NOTHING BUT NET,N/A,OLD SCHOOL,N/A
MONDAY MEN,235,21,Section 04,Seniors,Male,07/11/2022,20:15:00,40,ORC,1,2K'S,N/A,FURPHY PIRANHAS,N/A
MONDAY MEN,236,20,Section 06,Seniors,Male,07/11/2022,20:15:00,40,ORC,2,HOTTER THAN PHEONIX,N/A,SHOHUKU HIGH,N/A
MONDAY MEN,237,20,Section 02,Seniors,Male,07/11/2022,20:45:00,40,WAV,1,NO EYE DEERS,N/A,VICTORIOUS SECRET,N/A
MONDAY MEN,238,20,Section 03,Seniors,Male,07/11/2022,20:45:00,40,WAV,2,NECTAR OF THE GODS,N/A,SLOTHS,N/A
MONDAY MEN,239,20,Section 07,Seniors,Male,07/11/2022,20:45:00,40,WAV,3,DUKE DUKE 2,N/A,WOMBO COMBO,N/A
MONDAY MEN,240,20,Section 07,Seniors,Male,07/11/2022,20:45:00,40,WAV,4,TICKLES TESS,N/A,UNCLE DREW'D YOU,N/A
MONDAY MEN,241,20,Section 10,Seniors,Male,07/11/2022,20:45:00,40,WAV,5,REVERSE LA,N/A,SONICS (5),SONICS
MONDAY MEN,242,20,Section 06,Seniors,Male,07/11/2022,20:45:00,40,WAV,6,GRACE KELLY,N/A,REAL BRICKLAYERS,N/A
MONDAY MEN,243,20,Section 05,Seniors,Male,07/11/2022,21:00:00,40,ORC,1,WOJ BOMBS,N/A,THE ANSWER,N/A
MONDAY MEN,244,20,Section 07,Seniors,Male,07/11/2022,21:00:00,40,ORC,2,ALIVE IN THE QUADDIE,N/A,KINGS UNITED,N/A
MONDAY MEN,245,20,Section 01,Seniors,Male,07/11/2022,21:30:00,40,WAV,1,ALL BLACKS,N/A,ST BENEDICTS,N/A
MONDAY MEN,246,21,Section 04,Seniors,Male,07/11/2022,21:30:00,40,WAV,2,BUDDY GARRITYS,N/A,OLD MCKINNON GRYPHONS,N/A
MONDAY MEN,247,20,Section 10,Seniors,Male,07/11/2022,21:30:00,40,WAV,3,NEW BALANCE BRICKS,N/A,PURPLE COBRAS,N/A
MONDAY MEN,248,20,Section 06,Seniors,Male,07/11/2022,21:30:00,40,WAV,4,ASHWOOD SPORTS CLUB,N/A,CHADDY FROGS,N/A
MONDAY MEN,249,20,Section 08,Seniors,Male,07/11/2022,21:30:00,40,WAV,5,LA SCUDERIA,N/A,TMAS FOUNDATION,N/A
MONDAY MEN,250,20,Section 09,Seniors,Male,07/11/2022,21:30:00,40,WAV,6,KAREEM OF THE CROP,N/A,MONGEESE,N/A
MONDAY MEN,251,20,Section 01,Seniors,Male,07/11/2022,21:45:00,40,ORC,1,FLAGRANT,N/A,SPLASH,N/A
MONDAY MEN,252,20,Section 09,Seniors,Male,07/11/2022,21:45:00,40,ORC,2,OOF,N/A,MR DAMBROSI'S NONKERS ,N/A
MONDAY MEN,253,20,Section 08,Seniors,Male,07/11/2022,22:15:00,40,WAV,1,KLINGON,N/A,SKOC GOLD,SKOC
MONDAY MEN,254,20,Section 06,Seniors,Male,07/11/2022,22:15:00,40,WAV,2,SONICS (19),SONICS,ZOOPER DOOPERS,N/A
U16 GIRLS (S22-23),255,5,Division 1,Juniors,Female,08/11/2022,18:15:00,40,WAV,1,Tigers Red,MALVERN TIGERS,Timberwolves Rockets,TIMBERWOLVES
U16 GIRLS (S22-23),256,5,Division 2,Juniors,Female,08/11/2022,18:15:00,40,WAV,2,Solway Magic,SOLWAYBB,Tigers Yellow,MALVERN TIGERS
U16 GIRLS (S22-23),257,5,Division 1,Juniors,Female,08/11/2022,18:15:00,40,WAV,3,Solway Dream,SOLWAYBB,Solway Mystics,SOLWAYBB
U16 GIRLS (S22-23),258,5,Division 2,Juniors,Female,08/11/2022,18:15:00,40,WAV,4,Scorpions Suns,GLEN IRIS DISTRICT,Tigers White,MALVERN TIGERS
U16 GIRLS (S22-23),259,5,Division 1,Juniors,Female,08/11/2022,19:00:00,40,WAV,1,Solway Saints,SOLWAYBB,Tigers Black,MALVERN TIGERS
U16 GIRLS (S22-23),260,5,Division 2,Juniors,Female,08/11/2022,19:00:00,40,WAV,2,Scorpions Sixers,GLEN IRIS DISTRICT,Tigers Green,MALVERN TIGERS
U16 GIRLS (S22-23),261,5,Division 2,Juniors,Female,08/11/2022,19:00:00,40,WAV,3,Ashy Gold,ASHBURTON,Summerhill Park Pirnahas,CAULFIELD MALVERN
U18 GIRLS (S22-23),262,5,Section 01,Juniors,Female,08/11/2022,19:45:00,40,WAV,1,Solway Galaxy,SOLWAYBB,Solway Marvels,SOLWAYBB
U18 GIRLS (S22-23),263,5,Section 01,Juniors,Female,08/11/2022,19:45:00,40,WAV,2,Tigers Black,MALVERN TIGERS,Toorak T-Birds,TOORAK
TUESDAY WOMEN,264,19,Section 03,Seniors,Female,08/11/2022,19:45:00,40,WAV,3,SLAM DUNK DA FUNK,N/A,SOLMAMAS,SOLWAYBB
TUESDAY WOMEN,265,19,Section 01,Seniors,Female,08/11/2022,20:30:00,40,WAV,1,HEAT WAVES,N/A,MALVERN TIGERS (NEW),MALVERN TIGERS
TUESDAY WOMEN,266,19,Section 03,Seniors,Female,08/11/2022,20:30:00,40,WAV,2,OPPOSITION,N/A,VIBE,N/A
TUESDAY WOMEN,267,19,Section 02,Seniors,Female,08/11/2022,20:30:00,40,WAV,3,"HOOPS, I DID IT AGAIN",N/A,WHATEVER,N/A
TUESDAY WOMEN,268,19,Section 02,Seniors,Female,08/11/2022,20:30:00,40,WAV,4,HAIR JORDAN,N/A,SOJU SHOTS,N/A
TUESDAY WOMEN,269,19,Section 01,Seniors,Female,08/11/2022,21:15:00,40,WAV,1,MALVERN UNDERGRADS,MALVERN TIGERS,SONICS (20),SONICS
TUESDAY WOMEN,270,19,Section 01,Seniors,Female,08/11/2022,21:15:00,40,WAV,2,ILLUSION,N/A,SONICS (12),SONICS
TUESDAY WOMEN,271,19,Section 02,Seniors,Female,08/11/2022,21:15:00,40,WAV,3,JUST PLAY MAGIC,JUSTPLAY,SLAY-UPS,N/A
TUESDAY WOMEN,272,19,Section 03,Seniors,Female,08/11/2022,21:15:00,40,WAV,4,SCORPIONS 18s,N/A,WILDCATS,N/A
WEDNESDAY MEN,273,21,Section 03,Seniors,Male,09/11/2022,18:30:00,40,WAV,1,FREAKS,N/A,VILKAS,N/A
WEDNESDAY MEN,274,20,Section 04,Seniors,Male,09/11/2022,18:30:00,40,WAV,2,JAYHAWKS,N/A,LOOSE CANNONS,N/A
WEDNESDAY MEN,275,20,Section 06,Seniors,Male,09/11/2022,18:30:00,40,WAV,3,KEGS,N/A,MOOIES,N/A
WEDNESDAY MEN,276,20,Section 07,Seniors,Male,09/11/2022,18:30:00,40,WAV,4,BIN CHICKENS,N/A,CGE,N/A
WEDNESDAY MEN,277,20,Section 05,Seniors,Male,09/11/2022,18:30:00,40,WAV,5,CLOWN SHOES,N/A,U.E.S.,N/A
WEDNESDAY MEN,278,20,Section 01 / Section 02,Seniors,Male,09/11/2022,18:30:00,40,WAV,6,WEAPONS,N/A,PICKED LAST IN GYM CLASS,N/A
WEDNESDAY MEN,279,20,Section 08,Seniors,Male,09/11/2022,18:45:00,40,ORC,5,LETRASH,N/A,PHOENIX,N/A
WEDNESDAY MEN,280,20,Section 01 / Section 02,Seniors,Male,09/11/2022,19:15:00,40,WAV,1,DIRE WOLVES,N/A,RAZOR RAYS,N/A
WEDNESDAY MEN,281,20,Section 05,Seniors,Male,09/11/2022,19:15:00,40,WAV,2,GAME OF ZONES,N/A,HASBEENAS,N/A
WEDNESDAY MEN,282,20,Section 08,Seniors,Male,09/11/2022,19:15:00,40,WAV,3,BROWN MAMBAS,N/A,SWISHBUCKLERS,N/A
WEDNESDAY MEN,283,20,Section 06,Seniors,Male,09/11/2022,19:15:00,40,WAV,4,DAD BOD SQUAD,N/A,PETE & SONS,N/A
WEDNESDAY MEN,284,20,Section 07,Seniors,Male,09/11/2022,19:15:00,40,WAV,5,FLINT TROPIC,N/A,TEAM SKOOG,N/A
WEDNESDAY MEN,285,21,Section 03,Seniors,Male,09/11/2022,19:15:00,40,WAV,6,COLIN'S COWHERD'S,N/A,STAR PLATINUM 2,N/A
WEDNESDAY MEN,286,20,Section 04,Seniors,Male,09/11/2022,19:30:00,40,ORC,5,FROGS,N/A,RONY,N/A
WEDNESDAY MEN,287,20,Section 06,Seniors,Male,09/11/2022,20:00:00,40,WAV,3,FATCATS,N/A,GS YOUNG BOYS,N/A
WEDNESDAY MEN,288,20,Section 07,Seniors,Male,09/11/2022,20:00:00,40,WAV,4,BALLERS,N/A,CLAYTON CAVALIERS,N/A
WEDNESDAY MEN,289,21,Section 03,Seniors,Male,09/11/2022,20:00:00,40,WAV,5,BUNGA BUNGA,N/A,RICHMOND OILERS,N/A
WEDNESDAY MEN,290,20,Section 01 / Section 02,Seniors,Male,09/11/2022,20:00:00,40,WAV,6,SPACE JAM,N/A,LANE INVADERS,N/A
WEDNESDAY MEN,291,20,Section 05,Seniors,Male,09/11/2022,20:15:00,40,ORC,5,HORNETS,N/A,REDIRKULOUS,N/A
WEDNESDAY MEN,292,20,Section 08,Seniors,Male,09/11/2022,20:45:00,40,WAV,3,SONICS (4),SONICS,TWOOF,N/A
WEDNESDAY MEN,293,20,Section 04,Seniors,Male,09/11/2022,20:45:00,40,WAV,4,GHETTO GOATS,N/A,HUMDOGG & CO,N/A
WEDNESDAY MEN,294,20,Section 06,Seniors,Male,09/11/2022,20:45:00,40,WAV,5,BIG UNIT,N/A,MIAMI VICE 2,N/A
WEDNESDAY MEN,295,20,Section 01 / Section 02,Seniors,Male,09/11/2022,20:45:00,40,WAV,6,ALL GEAR NO GAME,N/A,BLACK LABEL,N/A
WEDNESDAY MEN,296,20,Section 07,Seniors,Male,09/11/2022,21:00:00,40,ORC,5,GLORY BOYZ,N/A,PARTIMEN,N/A
WEDNESDAY MEN,297,20,Section 04,Seniors,Male,09/11/2022,21:30:00,40,WAV,3,BBQ CHICKEN,N/A,PP SQUAD 2.0,N/A
WEDNESDAY MEN,298,20,Section 05,Seniors,Male,09/11/2022,21:30:00,40,WAV,4,TEAM HEAT,N/A,SKOC SILVER,SKOC
WEDNESDAY MEN,299,20,Section 08,Seniors,Male,09/11/2022,21:30:00,40,WAV,5,GOLDEN PANTHERS WHITE,N/A,MINIMAL BUCKETS,N/A
WEDNESDAY MEN,300,21,Section 03,Seniors,Male,09/11/2022,21:30:00,40,WAV,6,MOTOR CITY,N/A,WE WANT SMOKE,N/A
WEDNESDAY MEN,301,20,Section 06,Seniors,Male,09/11/2022,21:45:00,40,ORC,5,DOMS,N/A,SE MELBOURNE,N/A
WEDNESDAY MEN,302,20,Section 07,Seniors,Male,09/11/2022,22:15:00,40,WAV,3,AIR BALLERS,N/A,LONGARMS,N/A
WEDNESDAY MEN,303,20,Section 08,Seniors,Male,09/11/2022,22:15:00,40,WAV,4,FAIRFIELD SUPER KINGS,N/A,GOLDEN PANTHERS RED,N/A
THURSDAY MEN,304,20,Section 01,Seniors,Male,10/11/2022,18:30:00,40,WAV,1,GOONANS,N/A,SEMI BRO,N/A
THURSDAY MEN,305,20,Section 06,Seniors,Male,10/11/2022,18:30:00,40,WAV,2,BACKYARD BALLERS,N/A,BENGAL TIGERS,MALVERN TIGERS
THURSDAY MEN,306,20,Section 04,Seniors,Male,10/11/2022,18:30:00,40,WAV,3,COBRAS,N/A,TRIPPING BILLIES,N/A
THURSDAY MEN,307,20,Section 03,Seniors,Male,10/11/2022,18:30:00,40,WAV,5,NBA ALL SPUDS,N/A,PUMP FAKES,N/A
THURSDAY O'35,308,20,Section 01,Seniors,Male,10/11/2022,18:30:00,40,WAV,6,45ers,N/A,MESHOOGA BOOGA,N/A
THURSDAY MEN,309,20,Section 02,Seniors,Male,10/11/2022,19:15:00,40,WAV,1,MAN DURPHY'S,N/A,VINTAGE SOLWAY,N/A
THURSDAY MEN,310,20,Section 05,Seniors,Male,10/11/2022,19:15:00,40,WAV,2,OVERBUILT,N/A,THICC LOWRYS  ,N/A
THURSDAY MEN,311,20,Section 04,Seniors,Male,10/11/2022,19:15:00,40,WAV,3,REGULATORS,N/A,TERRY STUDIOS,N/A
THURSDAY MEN,312,20,Section 06,Seniors,Male,10/11/2022,19:15:00,40,WAV,5,SABRES,MALVERN TIGERS,TROPICS,N/A
THURSDAY O'35,313,20,Section 01,Seniors,Male,10/11/2022,19:15:00,40,WAV,6,NO HOOPERS,N/A,OLD PIRANHAS,N/A
THURSDAY MEN,314,20,Section 02,Seniors,Male,10/11/2022,20:00:00,40,WAV,1,GARY'S CHILDREN,N/A,G.I.SCORPIONS ,N/A
THURSDAY MEN,315,20,Section 04,Seniors,Male,10/11/2022,20:00:00,40,WAV,2,PARALLEL MULES,N/A,SPLASH RE,N/A
THURSDAY MEN,316,20,Section 06,Seniors,Male,10/11/2022,20:00:00,40,WAV,3,MT W,N/A,PANTHERS,N/A
THURSDAY O'35,317,20,Section 01,Seniors,Male,10/11/2022,20:00:00,40,WAV,5,ACEES,N/A,ICEBERGS,N/A
THURSDAY MEN,318,20,Section 03,Seniors,Male,10/11/2022,20:00:00,40,WAV,6,ANABOLIC TZATZIKI ,N/A,SNICKERS,N/A
THURSDAY MEN,319,20,Section 01,Seniors,Male,10/11/2022,20:45:00,40,WAV,1,COWBOYS,N/A,GURUS OF GO,N/A
THURSDAY MEN,320,20,Section 04,Seniors,Male,10/11/2022,20:45:00,40,WAV,2,NUGGZ,N/A,SOLWAY WOLVERINES,N/A
THURSDAY MEN,321,20,Section 05,Seniors,Male,10/11/2022,20:45:00,40,WAV,3,AIRBALLIN',N/A,W.E.V.,N/A
THURSDAY MEN,322,20,Section 06,Seniors,Male,10/11/2022,20:45:00,40,WAV,5,BALL WHEEL DRIVE,N/A,CHOPPERS RIGHTS,N/A
THURSDAY MEN,323,20,Section 02,Seniors,Male,10/11/2022,20:45:00,40,WAV,6,COULDNT CARE LESS,N/A,SOLWAY RAIDERS,N/A
THURSDAY MEN,324,20,Section 01,Seniors,Male,10/11/2022,21:30:00,40,WAV,1,MAILMEN,N/A,OLINDA BUSHRANGERS,N/A
THURSDAY MEN,325,20,Section 05,Seniors,Male,10/11/2022,21:30:00,40,WAV,2,CMBC,N/A,SWAT,N/A
THURSDAY O'35,326,20,Section 01,Seniors,Male,10/11/2022,21:30:00,40,WAV,3,COULDABEENS,MALVERN TIGERS,SRBI,N/A
THURSDAY MEN,327,20,Section 03,Seniors,Male,10/11/2022,21:30:00,40,WAV,5,KOOKIES + KAREEM,N/A,TURBO SQUAD,N/A
THURSDAY MEN,328,20,Section 02,Seniors,Male,10/11/2022,21:30:00,40,WAV,6,BISHOPS,N/A,DEFENDANTS,N/A
THURSDAY MEN,329,20,Section 04,Seniors,Male,10/11/2022,22:15:00,40,WAV,1,ELEPHONE,N/A,SKOC SHAMANS,SKOC
THURSDAY MEN,330,20,Section 06,Seniors,Male,10/11/2022,22:15:00,40,WAV,2,PARKHILL PIRANHAS,N/A,ASHY SILVERBACKS,N/A
